Element,Units,Alabama,Alaska,Arizona,Arkansas,California,Colorado,Connecticut,Delaware,Florida,Georgia,Hawaii,Idaho,Illinois,Indiana,Iowa,Kansas,Texas,Utah,Vermont,Virgin Islands (U.S.),Virginia,Washington,West Virginia,Wisconsin,Wyoming
All-Time Maximum Temperature,degrees F,112.0,100.0,128.0,120.0,134.0,115.0,106.0,110.0,109.0,112.0,100.0,118.0,117.0,116.0,118.0,121.0,,117.0,107.0,99.0,110.0,120.0,112.0,114.0,115.0
All-Time Minimum Temperature,degrees F,-27.0,-80.0,-40.0,-29.0,-45.0,-61.0,-32.0,-17.0,-2.0,-17.0,12.0,-60.0,-38.0,-36.0,-47.0,-40.0,,-50.0,-50.0,51.0,-30.0,-48.0,-37.0,-55.0,-66.0
All-Time Greatest 24-Hour Precipitation,inches,32.52,15.05,11.4,14.06,25.83,11.85,12.77,12.48,23.28,21.1,49.69,7.17,16.91,10.5,13.18,,,5.08,9.92,20.0,14.28,14.26,12.02,11.72,6.06
All-Time Maximum 24-Hour Snowfall,inches,20.0,78.0,38.0,25.0,67.0,75.8,36.0,25.0,4.0,19.3,6.5,31.0,36.0,33.0,24.0,,,38.0,42.0,,33.5,65.0,35.0,26.0,49.0
